{
  "chessboard_size": [
    7,
    5
  ],
  "rms_reprojection_error": 1.7733510065029756,
  "mean_reprojection_error": 0.19849717402579312,
  "camera_matrix": [
    [
      3728.7181333912044,
      0.0,
      1270.7614108415155
    ],
    [
      0.0,
      3724.522617566526,
      994.1047999698993
    ],
    [
      0.0,
      0.0,
      1.0
    ]
  ],
  "dist_coeffs": [
    [
      -0.35471040526886033,
      -0.6906196550551162,
      0.000179167973734459,
      -0.00220198755170272,
      5.548085386889819
    ]
  ]
}